Москва направит доходы от новогодних мероприятий на поддержку СВО — Сергей Собянин;Доходы, которые получит Москва от проведения новогодних мероприятий, будут кратно выше, чем экономия при отказе от их проведения. Об этом Сергей Собянин сказал в интервью РИА «Новости». Вырученные средства предлагается направить на поддержку участников специальной военной операции. Однако окончательное решение о проведении мероприятий остается за москвичами. По словам Мэра Москвы, Новый год и Рождество — это праздники, которые вселяют в людей надежду, дают вдохновение, что важно как для детей, так и для взрослых. «Поэтому так сказать однозначно, что мы находимся в сложной ситуации, страна, по сути дела, воюет и поэтому все праздники надо отменить, на мой взгляд, это не так», — отметил Мэр Москвы. Сергей Собянин также указал, что бюджет столицы получит в разы больше денег, если проведет новогодние мероприятия, чем сэкономит при отказе от них. Поэтому он назвал спорной идею отменить праздники ради сбережения финансов. Он также напомнил, что когда во время пандемии власти ограничивали проведение мероприятий, от этого сильно страдали предприниматели. Кроме того, по его словам, праздники не отменяли даже в самые сложные времена, например во время Великой Отечественной войны. «Россия переживала разные периоды, и во Вторую мировую войну, в 1941 году, когда половина европейской части была занята немецкими войсками, когда полчища стояли практически под Москвой, когда гибли миллионы людей, уничтожались целые города — тогда было принято решение, что вопреки всему, вопреки врагу, вопреки пессимистическим настроениям, вопреки всему все-таки Новый год праздновать достойно», — сказал Сергей Собянин. Мэр Москвы добавил, что, безусловно, необходимо подумать о том, чтобы поздравить бойцов на передовой, оказать внимание семьям мобилизованных, подумать о тех, кто работает в оборонно-промышленном комплексе, создать им особые условия, прийти к раненым в госпитали. Помимо выплат семьям мобилизованных оказывают юридическую и психологическую помощь, помогают в трудоустройстве и получении медицинских услуг. Сергей Собянин отметил, что две трети семей мобилизованных граждан в столице обратились за материальной помощью к городу. 96 процентов их заявок на сегодня решено. «Забота о семьях мобилизованных, их родителях, женах и детях — это важнейшая работа. Они не должны чувствовать себя брошенными. Они должны знать, что могут в любой момент обратиться и получить помощь», — отметил Мэр Москвы. Сергей Собянин добавил, что работа идет сразу по нескольким направлениям. Члены семей мобилизованных могут подать заявку на бесплатное питание детей в школах, освобождение от оплаты детских садов и кружков, воспользоваться упрощенным порядком получения детских пособий. В Москве утвержден целый перечень мер поддержки для них. Решить, в каком формате Москва будет встречать Новый год и Рождество, горожанам предлагают в новом голосовании проекта «Активный гражданин».  Среди вариантов — возможность сделать новогоднее оформление города, но не проводить массовые концертные мероприятия, а сэкономленные средства направить на поддержку участников специальной военной операции. Также москвичи могут проголосовать за то, чтобы мероприятия проводились, как и в предыдущие годы, а вырученные средства были направлены на поддержку. Помимо этого, есть вариант, подразумевающий полную отмену праздничных мероприятий и украшения столицы. Принять участие в голосовании;голосования, Активный гражданин, Рождество, Сергей Собянин, Новый год, специальная военная операция
Сергей Собянин: Студенты московских вузов и колледжей могут пройти стажировку на высокотехнологичных производствах в «Технополисе Москва»;У студентов московских вузов и колледжей есть возможность проходить стажировку на высокотехнологичных производствах в особой экономической зоне «Технополис Москва». Так, российская биотехнологическая компания «Биокад» приглашает студентов столичных колледжей и вузов в свой новый фармацевтический комплекс. Стажеры принимают участие в производстве лекарств и в обслуживании техники, работают в Департаменте информационных технологий. Об этом на своей странице в социальной сети «ВКонтакте» написал Сергей Собянин.   Современный фармацевтический комплекс «ПК-137» — резидент особой экономической зоны (ОЭЗ) «Технополис Москва», он расположен на площадке «Алабушево». На предприятии производят лекарственные препараты для столичной системы здравоохранения в рамках заключенного офсетного контракта. В сфере медоборудования и биофармы, по словам руководителя Департамента инвестиционной и промышленной политики Москвы Владислава Овчинского, работают 22 резидента особой экономической зоны столицы и свыше 1,7 тысячи человек. Отрасль активно развивается, что способствует росту спроса на квалифицированные кадры. Компания для привлечения молодых сотрудников проводит оплачиваемые стажировки с возможным трудоустройством. Стажировки на высокотехнологичном производстве дают студентам ценные теоретические знания и практические навыки. В дальнейшем компания планирует расширять сотрудничество с образовательными учреждениями столицы. За время проведения отбора на летний сезон компания собрала рекордное количество заявок на стажировки — свыше трех тысяч. В результате к разным структурным и территориальным подразделениям присоединились 110 талантливых студентов. По данным внутренней статистики, каждый четвертый стажер получил предложение о трудоустройстве по итогам стажировки.                Как отметил генеральный директор ОЭЗ «Технополис Москва» Геннадий Дегтев, сотрудничество компаний с образовательными учреждениями создает условия для непрерывной подготовки специалистов и обеспечения кадрами новых производств. Потребность одной только отрасли медоборудования и биофармы оценивается на уровне 1500–2000 специалистов до 2025 года. ОЭЗ «Технополис Москва» — территория с особым юридическим статусом, на которой действует льготный режим предпринимательской деятельности для инвесторов. Площадь пяти площадок («Печатники», «Алабушево», «Микрон», «МИЭТ», «Ангстрем»), на которых размещаются высокотехнологичные предприятия ОЭЗ, превышает 223 гектара. Общая площадь производственных корпусов составляет 550 тысяч квадратных метров. Объем инвестиций компаний, локализовавших производство на территории ОЭЗ столицы, превышает 85 миллиардов рублей. ОЭЗ «Технополис Москва» на протяжении нескольких лет становится лидером международных и национальных отраслевых рейтингов. Больше информации об экономической политике и имущественно-земельных отношениях Москвы — на сайте economy.mos.ru.;производство, стажировки, фармкомпании, Владислав Овчинский, Технополис Москва
Около 25 тысяч семей воспользовались бесплатной помощью при переезде по программе реновации;В новые квартиры по программе реновации переехали уже 32 тысячи московских семей. При этом около 25 тысяч из них, 78 процентов от общего числа, воспользовались бесплатной помощью грузчиков и транспортом при переезде в новую квартиру, сообщил глава Департамента градостроительной политики Москвы Сергей Левкин. «Чаще всего услугу заказывали жители Юго-Восточного административного округа — ею воспользовались около 4,2 тысячи семей. На севере столицы помощь при переезде была оказана свыше 3,9 тысячи семей, а в ЗАО — примерно 3,5 тысячи семей, участвующих в программе реновации», — рассказал глава ведомства. Подать заявку на получение услуги можно с помощью суперсервиса «Помощь в организации переезда» на портале mos.ru. «Грузчиков и транспорт предоставляет префектура округа. Воспользоваться бесплатной услугой можно после заключения договора на новую квартиру», — отметил Сергей Левкин. Грузчики помогают перенести в новую квартиру крупногабаритные вещи, например мебель и бытовую технику. Самостоятельно останется доставить только ценные вещи, документы и домашних животных. Программу реновации утвердили в Москве в августе 2017 года. Она касается около миллиона москвичей и предусматривает расселение 5175 домов. Для строительства нового жилья подобрана 561 стартовая площадка. Подробнее о программе реновации;новостройки, переезды, программа реновации, Сергей Левкин, суперсервис, грузчики
Около 200 тысяч рабочих мест появится в Москве благодаря программе реновации;К концу 2032 года в Москве появится около 200 тысяч рабочих мест благодаря реализации программы реновации. Об этом сообщил руководитель Департамента градостроительной политики города Москвы Сергей Левкин. «Для комфорта и удобства жителей новостройки, возводимые в столице по программе реновации, проектируются с нежилыми помещениями на первых этажах, где открываются различные службы социально-бытового назначения. А вместе с ними появляются и новые вакансии для москвичей», — подчеркнул глава ведомства. На первых этажах новостроек чаще всего открываются магазины, салоны красоты, предприятия сферы услуг, кофейни и пекарни, а также пункты выдачи онлайн-заказов интернет-магазинов. Жители могут сами выкупить или арендовать такое помещение, чтобы открыть предприятие, которое они считают необходимым и востребованным в их районе. Программу реновации утвердили в августе 2017 года. Около миллиона москвичей переедут в новые квартиры с улучшенной отделкой, всего будет расселено 5175 домов. Для реализации программы подобрана 561 стартовая площадка. Подробнее о программе реновации ;новостройки, рабочие места, нежилые помещения, программа реновации, Сергей Левкин
Начался второй этап капитального ремонта Тульской эстакады;Специалисты комплекса городского хозяйства приступили ко второму этапу капитального ремонта Тульской эстакады на юге столицы. Об этом сообщил заместитель Мэра Москвы по вопросам жилищно-коммунального хозяйства и благоустройства Петр Бирюков. «Работы на объекте начались в конце июня, в рамках первого этапа отремонтировали участок от Автозаводского моста до Малой Тульской улицы. Заменили защитный слой бетона, гидроизоляцию и деформационные швы дорожного полотна, уложили асфальт и нанесли разметку. В подмостовом пространстве провели ремонтно-восстановительные работы поверхностей пролетных строений, проложили новые системы водоотведения», — отметил он. На втором этапе аналогичные работы проведут на участке от Малой Тульской улицы до 4-го Рощинского проезда. Сейчас ведется демонтаж асфальтобетонного покрытия и защитного слоя гидроизоляции. На участке ограничена скорость движения транспорта, установлены ограждения с сигнальным освещением и предупреждающие дорожные знаки, нанесена временная разметка. Петр Бирюков добавил, что за последние 10 лет отремонтировали каждый объект мостового хозяйства столицы. Это позволило продлить срок эксплуатации и создать более комфортные условия для движения водителей и пешеходов.;эстакады, дороги, капитальный ремонт, ремонт дорог, Петр Бирюков
Сергей Собянин: Москвичи проголосуют за формат новогодних праздников в «Активном гражданине»;Сергей Собянин предложил москвичам решить, в каком формате Москва будет встречать Новый год и Рождество. Этой теме посвящено новое голосование в проекте «Активный гражданин». Об этом Мэр Москвы рассказал в своем блоге. «Уверен, не надо закупать новые новогодние конструкции, но в целом город должен быть украшен и приветлив. Чтобы у москвичей была возможность не только сидеть за домашними застольями, но и прогуляться по городу, пообщаться друг с другом. Зарядиться добрым новогодним и рождественским настроением. Как всегда, в таких случаях решать вам, дорогие друзья. Предлагаю проголосовать в “Активном гражданине”», — написал Сергей Собянин. Он подчеркнул, что наша страна не раз переживала трагические события в своей многовековой истории. Одним из них была битва под Москвой в 1941 году. Тогда миллионы семей переживали личную трагедию, и каждая копейка была на счету. Казалось бы, ни о каких праздниках не могло быть и речи. Но хроника тех лет показывает, что это было не так. В окопах и блиндажах, в бомбоубежищах, на заводах и фабриках, в Большом театре, в городских парках прошел праздник для детей и взрослых. «Самое страшное, когда люди и страна впадают в депрессию, забывают о своих традициях, отказываются от человеческих радостей. Это как раз то, что нужно было врагу. Но этого не произошло, — отметил Сергей Собянин. — И сегодня, когда тысячи парней, мужей, отцов и сыновей сражаются за независимость нашей Родины, когда льется кровь, когда страдают сотни тысяч мирных людей, перед нами тоже встает выбор. Во имя мифической экономии, во имя показного сострадания отказаться от праздников. Или вопреки трагическим обстоятельствам все же оставаться людьми. Людьми, которые придерживаются национальных традиций, не теряют духа, не впадают в уныние, верят в победу — и не показными слезами, а делами поддерживают тех, кто сегодня на передовой». Мэр Москвы написал о том, что праздник можно не отменять, а посвятить его российским воинам и людям, которые работают в оборонно-промышленном комплексе, строят оборонительные сооружения, восстанавливают разрушенные дома. В городе можно провести благотворительные ярмарки, а доходы от них направить на поддержку пострадавших районов. Праздничные мероприятия также помогут поддержать малый бизнес, в котором работают миллионы людей. Сергей Собянин призвал москвичей высказать свое мнение по этому поводу в ходе голосования.                   Подробнее о том, как Москва праздновала Новый, 1942 год, можно прочитать в этой архивной справке.;праздники, Активный гражданин, Рождество, Сергей Собянин, Новый год
ОЭЗ «Технополис Москва» в 2022 году сдала в аренду около восьми тысяч квадратных метров помещений;С начала этого года новые предприятия арендовали на площадке «Алабушево» особой экономической зоны (ОЭЗ) «Технополис Москва» около восьми тысяч квадратных метров помещений. «Особая экономическая зона — это привлекательная площадка для размещения высокотехнологичных производств. В 2022 году арендаторами помещений инновационных лабораторно-промышленных корпусов на площадке “Алабушево” стали еще восемь компаний. Предприятия будут разрабатывать и производить микроэлектронику и электронное оборудование, видеорегистраторы и видеокамеры, медицинские изделия и тест-системы. Они заняли почти восемь тысяч квадратных метров. Благодаря им в городе появилось более 370 новых рабочих мест», — сообщил заместитель Мэра Москвы по вопросам экономической политики и имущественно-земельных отношений Владимир Ефимов. Еще 10 высокотехнологичных предприятий в этом году стали резидентами особой экономической зоны столицы. Четыре из них уже работают, производства шести будут введены в эксплуатацию в ближайшие месяцы. Большинство из этих компаний представляют отрасль медицинских технологий, оборудования и биофармы. Они будут выпускать препараты для таргетной терапии онкологических заболеваний, синтетические сосуды, заменители суставной жидкости, современное ультразвуковое диагностическое оборудование. «В этом году резидентами особой экономической зоны Москвы стали три предприятия, которые относятся к высокотехнологичным производствам. Они специализируются на выпуске электрогрузовиков, упаковки для лекарств и пластиковых палет. Еще три работают в сфере микроэлектроники и ИТ. В общей сложности предприятия, получившие статус резидента в этом году, заняли помещения площадью свыше 30 тысяч квадратных метров. Из них около 20 тысяч построено самими компаниями», — подчеркнул руководитель Департамента инвестиционной и промышленной политики Владислав Овчинский. Резиденты ОЭЗ «Технополис Москва» освобождаются от уплаты земельного, имущественного и транспортного налогов на 10 лет, а ставка налога на прибыль для них снижена до двух процентов. Ввозимые ими товары и оборудование не облагаются таможенными сборами. Удобные локации, развитая транспортная инфраструктура, современные коммуникации и комфортные условия для сотрудников — вот неполный перечень того, что получают арендаторы, размещая свое производство на любой из пяти площадок особой экономической зоны «Технополис Москва». Среди преимуществ, которые получают резиденты, — поддержка Правительства Москвы, возможность промышленной кооперации с соседними производствами, регулярное участие в различных деловых мероприятиях и профессиональных объединениях, отметил генеральный директор ОЭЗ «Технополис Москва» Геннадий Дегтев. ОЭЗ «Технополис Москва» — территория с особым юридическим статусом, на которой действует льготный режим предпринимательской деятельности для инвесторов. Площадь пяти площадок («Печатники», «Алабушево», «Микрон», «МИЭТ», «Ангстрем»), на которых размещаются высокотехнологичные предприятия, превышает 223 гектара. Объем инвестиций компаний, локализовавших производство на территории ОЭЗ столицы, превышает 85 миллиардов рублей. «Технополис Москва» на протяжении нескольких лет является лидером международных и национальных отраслевых рейтингов. Больше информации об экономической политике и имущественно-земельных отношениях Москвы — на сайте economy.mos.ru.;Владимир Ефимов, технополис Москва, аренда помещений, Владислав Овчинский, резиденты ОЭЗ
Москва стала лауреатом премии Investment Leaders Award за лучшее инвестиционное решение года;Московский Департамент инвестиционной и промышленной политики стал лауреатом премии Investment Leaders Award в номинации «Инвестиционное решение». Его работу признали лучшей за разработку комплексного решения для локализации важных для города производств, сообщил глава ведомства Владислав Овчинский. Премию Investment Leaders Award вручают ежегодно наиболее успешным участникам рынка инвестиций. Победителей выбирает жюри, куда входят представители Торгово-промышленной палаты Российской Федерации, Ассоциации российских банков, Национальной финансовой ассоциации и других экспертных сообществ. «Москва разработала комплексное решение для привлечения инвесторов, которое поможет закрыть потребности города в критически важных продуктах или услугах: лекарственных препаратах, медизделиях, детском питании. Речь о локализации производств на территории особой экономической зоны (ОЭЗ) “Технополис Москва” в рамках реализации офсетных контрактов. Инвестор получает не только гарантию сбыта продукции, но и значительные налоговые льготы как резидент ОЭЗ. Таким комплексным решением воспользовались три компании, две из них уже возвели заводы по производству лекарств и медизделий и поставляют продукцию для нужд столицы», — рассказал Владислав Овчинский. Третья компания сейчас строит фармацевтическое предприятие на площадке ОЭЗ в Алабушеве. Завершить работы планируют в следующем году. Москва активно использует офсетные контракты: сейчас их заключено пять, на очереди еще несколько. По условиям офсета инвестор должен либо создать новое производство, либо модернизировать существующее. Взамен город гарантирует, что будет закупать продукцию в течение нескольких лет. Москва фактически реализует нужный ей проект за деньги инвестора и получает постоянного поставщика товаров по сниженной цене. У бизнеса же появляется надежный партнер, который гарантированно купит его продукцию. В контракте заранее прописаны точные объемы и сроки, в течение которых город будет это делать. Так обеспечиваются бесперебойность работы организации в любой ситуации и индексация цены контракта. Комплексное решение предполагает локализацию предприятий в особой экономической зоне «Технополис Москва». Резидентам предоставляют налоговые и таможенные преференции. На 10 лет их освобождают от уплаты земельного, имущественного и транспортного налогов. Ставка налога на прибыль снижается до двух процентов. При этом инвестор получает площадку со всеми необходимыми техническими условиями и возможностями для запуска производства. ОЭЗ «Технополис Москва» — территория с особым юридическим статусом, на которой действует льготный режим предпринимательской деятельности для инвесторов. Площадь пяти площадок («Печатники», «Алабушево», «Микрон», «МИЭТ», «Ангстрем»), на которых размещаются высокотехнологичные предприятия, превышает 223 гектара. Общая площадь производственных корпусов составляет 550 тысяч квадратных метров. Объем инвестиций компаний, локализовавших производство на территории особой экономической зоны столицы, превышает 80 миллиардов рублей. ОЭЗ «Технополис Москва» на протяжении нескольких лет становится лидером международных и национальных отраслевых рейтингов.;премии, инвесторы, технополис Москва, Владислав Овчинский, офсетные контракты, локализация производства
Снег с московских улиц убирают 60 тысяч сотрудников коммунальных служб и 10 тысяч единиц техники;Около 60 тысяч рабочих и 10 тысяч единиц техники задействовали в уборке снега в столице, сообщил заместитель Мэра Москвы по вопросам жилищно-коммунального хозяйства и благоустройства Петр Бирюков. «За минувшие сутки в городе выпало четыре сантиметра снега, сегодня ожидается прирост еще на один сантиметр, — отметил он. — Все городские службы работают в режиме повышенной готовности, на круглосуточном дежурстве находятся аварийные бригады инженерных компаний и префектур округов». По словам заммэра, коммунальная техника раз в несколько часов проводит сплошное механизированное подметание проезжей части, тротуаров и дворов с противогололедной обработкой. «Особое внимание уделяется очистке пешеходных зон, тротуаров, подходов к остановкам общественного транспорта, станциям метро и Московского центрального кольца, железнодорожным станциям и платформам, ТПУ, объектам социальной сферы и потребительского рынка, — рассказал Петр Бирюков. — Для помощи водителям грузовых автомобилей, в первую очередь на МКАД и на дорогах в ТиНАО, организовано дежурство тягачей». Водителей из-за ухудшения погоды он призвал быть аккуратнее на дороге, строго соблюдать скоростной режим и дистанцию.;снегопад, коммунальные службы, уборка снега, Петр Бирюков
Утвержден проект планировки нового жилого квартала по программе реновации в Зюзине;Правительство Москвы утвердило проект планировки территории площадью 6,76 гектара в районе Зюзино. Соответствующее постановление подписал Сергей Собянин. Речь идет об участках, расположенных по адресу: Одесская улица, владения 4–6. Территория, которую ожидает комплексная застройка по программе реновации, находится недалеко от станции метро «Нахимовский проспект». Сейчас здесь в основном располагаются автосервисы. Проект планировки предусматривает строительство современного жилого квартала для переселения по программе реновации. Общая площадь застройки составит 144 тысячи квадратных метров, включая жилье (139,4 тысячи квадратных метров) и детский сад на 200 мест. Чтобы обеспечить будущий квартал инженерно-коммунальной инфраструктурой, проложат сети коммуникаций, построят распределительно-трансформаторный пункт и трансформаторные подстанции. Реализация проекта позволит создать комфортные условия для проживания свыше трех тысяч человек. Проект планировки подготовили на основании постановления Правительства Москвы от 5 октября 2021 года № 1552-ПП.  Подробнее о программе реновации;Сергей Собянин, жилье, программа реновации, Зюзино, жилые кварталы
Возле Курского вокзала открылась выставка граффити «Со-единение»;В арт-квартале возле Курского вокзала открылась выставка уличного искусства «Со-единение». Проект реализует Москомархитектура и центр современного искусства (ЦСИ) «Винзавод». «У нас сложилась хорошая, добрая творческая традиция. В этом году Москомархитектура эту традицию продолжила. В результате у нас появилось пространство, где соединились городская жизнь и проекты стрит-арт-художников», — сказала Юлиана Княжевская, председатель столичного Комитета по архитектуре и градостроительству. Граффити размещены на территории уникального креативного пространства Москвы — арт-квартала. Мимо стены, расположенной вдоль железнодорожных путей, по дороге от Курского вокзала в сторону двух креативных кластеров — ЦСИ «Винзавод» и центра дизайна Artplay ежедневно проходят тысячи человек.          Концепцию экспозиции разработали специалисты Москомархитектуры и центра современного искусства «Винзавод» в направлении Urban + Art. Проект направлен на поддержку уличных художников. Был проведен закрытый конкурс, участие в котором приняли 12 человек. Экспертная комиссия оценивала портфолио, концепции работ на соответствие теме и сочетаемость друг с другом. В результате было выбрано шесть художников, среди которых Рома Мураткин, Миша Most, Алексей Luka, Оля Iney, Саша Blot и Вова Nootk. В их произведениях отразились размышления на тему городской среды и ее взаимодействия с современным искусством. «Мы выбирали яркие творческие высказывания, которые привлекут внимание, тронут зрителя, призовут его к диалогу. Ведь именно такова задача искусства. Не случайно выставка называется “Со-единение”: это пространство — место диалога города со своими жителями. Москва, как город максимально разноплановый, просто создана для таких проектов», — отметил главный архитектор Москвы, первый заместитель председателя столичного Комитета по архитектуре и градостроительству Сергей Кузнецов. Выставка «Со-единение» продлится до мая 2023 года, после чего экспозиция обновится.;выставки, экспозиции, Сергей Кузнецов, современное искусство, Юлиана Княжевская
Около пяти тысяч машино-мест появилось в ТиНАО с начала 2022 года;На территории Троицкого и Новомосковского административных округов с начала 2022 года оборудовали 4840 машино-мест. Об этом сообщил руководитель Департамента развития новых территорий города Москвы Владимир Жидкин.  За этот период в ТиНАО появилось 14 гаражных объектов. Благодаря этому 3791 машино-место организовано в подземных паркингах, еще 388 машин автовладельцы разместили на обустроенных плоскостных парковках. «Вопрос обеспечения формирующихся городских кварталов в ТиНАО парковочными местами актуальный, как и в целом по столице. Поэтому в новых проектах закладывается необходимость строительства паркингов, подземных парковок или гаражей. Они возводятся за счет инвесторов. Создание дополнительных машино-мест является частью общей работы по формированию качественной и комфортной городской среды», — рассказал Владимир Жидкин. Один из самых крупных — многоэтажный паркинг в составе жилого комплекса в деревне Язово. Его площадь составляет более 35,5 тысячи квадратных метров, он рассчитан на 1210 машин. В поселении Московский построен гаражный комплекс площадью свыше 34 тысяч квадратных метров на 1075 машин. Недавно Мосгосстройнадзор выдал разрешение на ввод в эксплуатацию новостройки, расположенной по адресу: поселение Внуковское, бульвар Андрея Тарковского, дом 14. Общая площадь здания с переменной этажностью составляет 44 тысяч квадратных метров, в нем 811 квартир. Подземная автостоянка вмещает 310 автомобилей. Кроме того, введена в эксплуатацию наземная автостоянка в жилом комплексе «Саларьево парк» вблизи деревни Николо-Хованское. Здесь построили шестиуровневую парковку общей площадью более 11 тысяч квадратных метров. На стоянке оборудовано 406 машино-мест, в том числе 16 для автомобилей с увеличенными габаритами. Владимир Жидкин добавил, что ежегодно в ТиНАО создается от пяти до шести тысяч новых машино-мест. Этот объем сохранится и в этом, и в следующем году.;паркинги, машино-места, Владимир Жидкин, жилые дома, автостоянки
В Таганском районе появится новая парковка;На городские торги выставили право на размещение плоскостной парковки в Таганском районе. Заявки на участие принимаются до 9 декабря, аукцион состоится 13 декабря на электронной площадке «Росэлторг». Об этом рассказал руководитель столичного Департамента по конкурентной политике Иван Щербаков. Участок находится в жилом микрорайоне рядом с деловыми и торговыми объектами по адресу: Добровольческая улица, владение 18. «На аукционе будет реализован участок в Таганском районе под размещение наземной стоянки на 30 машино-мест. На участке площадью 11 соток будут установлены электронный шлагбаум, ограждения, нанесена соответствующая разметка. Договор с победителем торгов будет подписан на пять лет, размер ежегодной платы за право размещения некапитального объекта определится по итогам аукциона», — отметил Иван Щербаков. В торгах смогут принять участие юридические и физические лица, в том числе индивидуальные предприниматели. Договор предполагает организацию стоянки в течение пяти месяцев с момента его подписания. На инвестиционном портале Москвы можно узнать больше информации об объектах городской собственности, выставленных на торги. Здесь опубликована лотовая документация и правила проведения аукционов. Раздел «Имущество от города» обновляется каждый день. Сейчас на ресурсе представлено более 3,3 тысячи объектов недвижимости. Больше об экономической политике и имущественно-земельных отношениях Москвы — на сайте economy.mos.ru.;аукционы, парковки, машино-места, Иван Щербаков
Город заключил с инвестором 11-й договор о выделении земли за рубль в год;Москва заключила с компанией «Базис+» договор о предоставлении участка в районе Митино по льготной арендной ставке один рубль в год для реализации масштабного инвестиционного проекта — строительства предприятия по изготовлению упаковки. Об этом сообщил заместитель Мэра Москвы по вопросам экономической политики и имущественно-земельных отношений Владимир Ефимов. «Мы заключили 11-й договор с инвестором о предоставлении земли в аренду по ставке рубль в год. По условиям соглашения компания в течение пяти лет возведет на участке коммунальной зоны Пенягино на улице Зенитчиков производство упаковки. Объем инвестиций в проект составит 1,6 миллиарда рублей», — рассказал он. В марте 2022 года Сергей Собянин утвердил набор мер антикризисной поддержки бизнеса. Предприниматели, которые создают в городе предприятия или расширяют уже действующие производства в рамках реализации масштабных инвестиционных проектов, могут получить землю в аренду по льготной ставке. «Площадь нового производства по изготовлению упаковки составит 25 тысяч квадратных метров. Решение о выделении почти 2,5 гектара земли для реализации масштабного инвестиционного проекта было принято на заседании Градостроительно-земельной комиссии столицы», — уточнил Министр Правительства Москвы, руководитель Департамента городского имущества Максим Гаман. Реализация масштабных инвестиционных проектов позволяет бизнесу снизить затраты на создание рабочих мест, а также в короткие сроки наладить выпуск важной для жизни и экономики города продукции. По словам руководителя Департамента инвестиционной и промышленной политики Москвы Владислава Овчинского, на новом предприятии будут выпускать востребованную в различных отраслях продукцию: тетрапак, картон, а также синтетическую пленку и клеевую основу для этикеток. «Благодаря реализации проекта ежегодно на производстве смогут выпускать более 50 тысяч тонн продукции. Кроме того, на заводе будет создано 90 рабочих мест», — добавил он. Больше информации об экономической политике и имущественно-земельных отношениях Москвы можно узнать на сайте economy.mos.ru.;льготы, производство, Владимир Ефимов, инвестиционные проекты, Максим Гаман, Владислав Овчинский
Столичная компания создала систему для контроля работы общественного транспорта на основе нейросети;Столичный производитель идентификаторов для транспортной отрасли совместно с рязанским партнером создал систему для автоматизации мониторинга работы общественного транспорта. «Система поможет перевозчикам повысить эффективность работы и увеличить прибыль. “Автокондуктор” создан на базе отечественного программно-аппаратного комплекса на основе нейросети. Он собирает информацию, которая позволит в автоматическом режиме отслеживать и корректировать интервалы движения транспортных средств, оценивать степень их загруженности, формировать отчеты о количестве перевезенных пассажиров и выручке. Помимо этого, аппаратно-программный комплекс анализирует расход топлива и техническое состояние транспортного средства», — рассказал руководитель Департамента инвестиционной и промышленной политики Москвы Владислав Овчинский. Система разработана при участии ведущих отечественных перевозчиков и учитывает основные требования регуляторов. Ее успешно протестировали в 12 регионах России и передали для коммерческого использования. До конца года запустить пилотные проекты планируют еще в 10 субъектах страны. Создатель системы — группа компаний ISBC, которая занимается разработкой, производством и дистрибуцией RFID-продукции для различных отраслей цифровой экономики. Больше об экономической политике и имущественно-земельных отношениях Москвы — на сайте economy.mos.ru.;мониторинг, общественный транспорт, нейросети, автоматизация, Владислав Овчинский
Эстакада — съезд на Нижегородскую улицу готова почти на две трети;Строительство эстакады — съезда с основного хода Московского скоростного диаметра (МСД) на Нижегородскую улицу в сторону центра выполнено почти на две трети. Об этом сообщил руководитель городского Департамента строительства Рафик Загрутдинов. «В настоящее время ведутся работы по устройству пролетного строения», — добавил он. Эстакаду возводят на участке от шоссе Энтузиастов до Рязанского проспекта в рамках строительства южного участка МСД. Длина сооружения составит 436 метров, движение транспорта будет осуществляться в одном направлении. На этом участке также предусматривается строительство дорог общей протяженностью 11 километров, в том числе 14 эстакад и двух путепроводов. Южный участок МСД пройдет от Варшавского шоссе до шоссе Энтузиастов. Он соединит четыре округа (Восточный, Юго-Восточный, Южный и Юго-Западный), 22 района с населением около 2,5 миллиона человек и такие крупные магистрали, как шоссе Энтузиастов, Симферопольское и Варшавское шоссе, Третье транспортное кольцо, Рязанский и Волгоградский проспекты, улицы Подольских Курсантов, Липецкая, Дорожная и автотрасса Солнцево — Бутово — Варшавское шоссе. Рафик Загрутдинов добавил, что Сергей Собянин поставил задачу в 2023 году завершить строительство всех хордовых магистралей.;эстакады, магистрали, Рафик Загрутдинов, МСД
Аддитивные технологии в производстве: открылась запись на новый курс «Московской технической школы»;«Московская техническая школа» («МТШ») приглашает столичных инженеров, имеющих высшее и среднее специальное образование, пройти онлайн-курс по внедрению аддитивных технологий в производство. Участники проекта получат базовые навыки в области прототипирования изделий и научатся применять компьютерные технологии на промышленных предприятиях. Об этом сообщил руководитель столичного Департамента инвестиционной и промышленной политики Владислав Овчинский. «Сегодня аддитивные технологии, и в частности 3D-печать, стремительно развиваются и становятся востребованы в разных областях промышленного производства, медицине, строительстве. Вместе с тем компании, работающие в данных сферах, испытывают нехватку высококвалифицированных специалистов с навыками и опытом работы с современными технологиями. Чтобы решить кадровый вопрос и обеспечить предприятия инженерами новой формации, в “Московской технической школе” открылось направление по внедрению аддитивных технологий, разработанное совместно с ведущими вузами и компаниями города. Например, в партнерстве с Московским авиационным институтом был создан онлайн-курс по внедрению аддитивных технологий в высокотехнологичное производство», — рассказал Владислав Овчинский. Программа подготовки специалистов направлена на развитие компетенций в области применения систем геометрического моделирования, а также в сфере прототипирования. Слушатели узнают о современных способах производства изделий, освоят виды трехмерного моделирования объектов, а также обучатся технологиям 3D-печати с использованием ABS- и PLA-пластика. После аттестационного испытания студенты «МТШ» получат сертификат о повышении квалификации. По словам разработчиков, курс «Внедрение аддитивных технологий в высокотехнологичное производство» даст серьезные конкурентные преимущества не только самим специалистам при трудоустройстве, но и большим предприятиям в части модернизации и цифровизации бизнеса. Почти 200 работников столичных предприятий прошли обучение в «Московской технической школе» Фермы запчастей: как 3D-печать поможет решить вопрос с импортозамещением  «Московская техническая школа» — проект Правительства Москвы, открывшийся в 2021 году. Его цель — повысить квалификацию столичных инженеров в работе с инновационными технологиями, которые оптимизируют производственные процессы и развивают промышленный потенциал. В проекте запланировано восемь направлений для обучения: «Технологии связи», «Аддитивные технологии», «Искусственный интеллект в промышленности», «Микроэлектроника и фотоника», «Робототехника и сенсорика», «Цифровые двойники», «Новые производственные технологии» и «Беспилотный транспорт». Чтобы стать участником проекта, предприятию нужно оформить заявку на сайте «МТШ» или на инвестиционном портале Москвы. Представители «Московской технической школы» подберут вуз или научный центр для обучения сотрудника. Больше информации об экономической политике и имущественно-земельных отношениях Москвы можно узнать на сайте economy.mos.ru.;образование, повышение квалификации, аддитивные технологии, Владислав Овчинский, Московская техническая школа
На Русаковской улице построили дом по программе реновации;В Красносельском районе построили дом для переселения участников программы реновации. Он расположен по адресу: Русаковская улица, дом 6. «Жилое г-образное здание находится на углу улицы и вписывается в окружающую среднеэтажную застройку. Общая площадь дома составляет около 10 тысяч квадратных метров. Инспекторы Мосгосстройнадзора по итогам комплексной проверки подтвердили соответствие объекта утвержденному проекту и выдали необходимую разрешительную документацию. Дом можно готовить ко вводу в эксплуатацию», — сообщил председатель Комитета государственного строительного надзора города Москвы Игорь Войстратенко. Трехсекционная новостройка рассчитана на 76 квартир: 26 однокомнатных, 23 двухкомнатные, 20 трехкомнатных и семь четырехкомнатных. В здании установили оконные блоки с двухкамерным стеклопакетом, остеклили балконы и лоджии. Внутренняя отделка соответствует стандартам программы реновации. На первом этаже находятся комнаты для консьержа и колясочные, предусмотрены нежилые помещения для сдачи в аренду. Новостройку оборудовали системами охраны, видеонаблюдения, оповещения и управления эвакуацией при пожаре, а также пожарной сигнализацией. Территорию около дома благоустроили и озеленили. Мосгосстройнадзор уделяет особое внимание объектам, строящимся по программе реновации. Сотрудники ведомства совместно со специалистами Центра экспертиз, исследований и испытаний в строительстве провели 13 выездных инспекций и выполнили комплекс лабораторно-инструментальных исследований качества конструкций и материалов.;новостройки, переселение, жилые дома, программа реновации, Игорь Войстратенко
Семьи мобилизованных москвичей могут получить онлайн-консультации по вопросам оформления недвижимости;Специалисты Росреестра будут проводить онлайн-консультации на портале mos.ru для мобилизованных москвичей и их семей. Об этом сообщил руководитель Управления Росреестра по Москве Игорь Майданов. «Мобилизованным на военную службу гражданам и членам их семей столичное Управление Росреестра будет оказывать консультативную помощь по вопросам оформления недвижимости. В непростой жизненной ситуации важно вовремя получить необходимую юридическую поддержку, тем более, когда речь идет о недвижимом имуществе. Чтобы максимально упростить процедуру переоформления прав, купли-продажи или дарения квартиры, достаточно записаться на онлайн-консультацию к специалистам Росреестра на портале mos.ru, выбрать дату и время», — отметил он. За консультацией можно обратиться к специалистам из отделов регистрации недвижимости жилого и нежилого назначения, объектов нового строительства, обременений и ограничений. Услугу предоставляют бесплатно авторизованным пользователям mos.ru. Для записи на онлайн-консультацию пользователям нужно иметь стандартную или полную учетную запись на портале. В каталоге услуг необходимо выбрать «Жилье, недвижимость, земля» и далее «Запись на онлайн-консультацию к специалисту Росреестра». В предложенном перечне нужно перейти на вкладку «Онлайн-консультации членов семей мобилизованных граждан». В начале октября Сергей Собянин подписал указ о дополнительных мерах поддержки семей мобилизованных граждан. Помощь в специальном центре поддержки уже получили 95 процентов обратившихся. Каждое обращение рассматривают индивидуально, многие удается исполнить день в день, а если требуется больше времени, специалисты остаются на связи с родственниками мобилизованных до окончательного решения вопроса. Для мобилизованных граждан Москва установила дополнительные ежемесячные выплаты. Кроме того, ряд мер поддержки принят для их детей, супруг и других членов семей. Для получения помощи необходимо обратиться в центр поддержки семей мобилизованных по адресу: улица Сергия Радонежского, дом 1, строение 1. Он работает с понедельника по воскресенье с 09:00 до 20:00. Связаться с центром можно по номеру телефона: +7 495 870-44-44. Заявление на единовременную выплату можно подать в семи флагманских офисах «Мои документы». Меры поддержки мобилизованных и их семей в Москве;консультации, Росреестр, Игорь Майданов, частичная мобилизация
Передавать показания счетчиков воды в приложении «Моя Москва» стало проще;В мобильном приложении «Моя Москва» для удобства пользователей модернизировали сервис передачи показаний водосчетчиков. Раньше горожане передавали данные в специальном чате, последовательно отвечая на вопросы бота. Теперь для них доступна форма приема показаний счетчиков. Она почти такая же, как на портале mos.ru, — максимально простая и интуитивно понятная. «Сервис передачи показаний счетчиков воды — один из самых востребованных в приложении “Моя Москва”, в среднем его используют 2,6 миллиона раз в месяц. Теперь его интерфейс похож на аналогичный сервис портала mos.ru: вместо чат-бота горожане видят привычную форму для ввода данных. Благодаря обновлению пользователи смогут быстрее передавать показания счетчиков воды», — рассказал заместитель руководителя столичного Департамента информационных технологий Борис Фролов. Чтобы воспользоваться сервисом приложения «Моя Москва», нужно зайти в раздел «Услуги» и открыть вкладку «Показания воды». На открывшейся странице потребуется выбрать номер квартиры (если в личном кабинете на mos.ru пользователь добавил несколько адресов) и заполнить форму, указав в ней текущие показания счетчиков холодной и горячей воды. Данные квартиры и код плательщика отобразятся автоматически (если они указаны в профиле на mos.ru). После заполнения всех необходимых полей останется нажать на кнопку «Передать показания». В сервисе также доступна история показаний. Чтобы сравнить динамику потребления воды, достаточно задать период, и на экране отобразится информация о предыдущих показаниях. Кроме того, данные приборов учета воды, а также электроэнергии в приложении можно передать с помощью голосового помощника. Сейчас он работает в тестовом режиме и доступен 50 процентам пользователей. Для того чтобы воспользоваться голосовым ассистентом, потребуется нажать на значок микрофона в нижнем углу экрана и сказать: «Передать показания». Данные счетчиков воды рекомендуется передавать с 15-го числа текущего месяца по третье число следующего месяца, а показания счетчиков электроэнергии — с 15-го по 26-е число текущего месяца. «Моя Москва» — официальное мобильное приложение портала mos.ru, которое заработало в 2019 году. С его помощью удобно получать квитанции и оплачивать счета за городские услуги, в том числе несколько счетов одновременно, проверять успеваемость ребенка в школе или записываться на прием к врачам.  Также с помощью приложения можно консультироваться с операторами контакт-центра по работе городских сервисов, узнавать об эвакуации транспорта, проверять историю автомобиля перед покупкой, читать самые важные городские новости. Скачать приложение можно в App Store, AppGallery, RuStore и Google Play. За три года работы приложения его установили более четырех миллионов человек, а его сервисами воспользовались более 30 миллионов раз.;сервисы, услуги, мобильные приложения, показания счетчиков, Моя Москва, приборы учета воды